-- phpMyAdmin SQL Dump
-- version 5.2.0
-- https://www.phpmyadmin.net/
--
-- Host: 127.0.0.1
-- Generation Time: Oct 23, 2022 at 05:09 AM
-- Server version: 10.4.24-MariaDB
-- PHP Version: 8.1.6

SET SQL_MODE = "NO_AUTO_VALUE_ON_ZERO";
START TRANSACTION;
SET time_zone = "+00:00";


/*!40101 SET @OLD_CHARACTER_SET_CLIENT=@@CHARACTER_SET_CLIENT */;
/*!40101 SET @OLD_CHARACTER_SET_RESULTS=@@CHARACTER_SET_RESULTS */;
/*!40101 SET @OLD_COLLATION_CONNECTION=@@COLLATION_CONNECTION */;
/*!40101 SET NAMES utf8mb4 */;

--
-- Database: `organ_donation_procure`
--

-- --------------------------------------------------------

--
-- Table structure for table `doctor`
--

CREATE TABLE `doctor` (
  `Doctor_ID` int(11) NOT NULL,
  `Doctor_Name` varchar(20) NOT NULL,
  `Department_Name` varchar(20) NOT NULL,
  `organization_ID` int(11) NOT NULL
) ENGINE=InnoDB DEFAULT CHARSET=utf8mb4;

--
-- Dumping data for table `doctor`
--

INSERT INTO `doctor` (`Doctor_ID`, `Doctor_Name`, `Department_Name`, `organization_ID`) VALUES
(1, 'Doctor-1', 'Department-1', 78),
(2, 'Doctor-2', 'Department-2', 10),
(3, 'Doctor-3', 'Department-3', 61),
(4, 'Doctor-4', 'Department-4', 26),
(5, 'Doctor-5', 'Department-5', 11),
(6, 'Doctor-6', 'Department-6', 99),
(7, 'Doctor-7', 'Department-7', 54),
(8, 'Doctor-8', 'Department-8', 44),
(9, 'Doctor-9', 'Department-9', 57),
(10, 'Doctor-10', 'Department-10', 31),
(11, 'Doctor-11', 'Department-11', 5),
(12, 'Doctor-12', 'Department-12', 11),
(13, 'Doctor-13', 'Department-13', 36),
(14, 'Doctor-14', 'Department-14', 22),
(15, 'Doctor-15', 'Department-15', 42),
(16, 'Doctor-16', 'Department-16', 73),
(17, 'Doctor-17', 'Department-17', 80),
(18, 'Doctor-18', 'Department-18', 77),
(19, 'Doctor-19', 'Department-19', 6),
(20, 'Doctor-20', 'Department-20', 87),
(21, 'Doctor-21', 'Department-21', 13),
(22, 'Doctor-22', 'Department-22', 13),
(23, 'Doctor-23', 'Department-23', 63),
(24, 'Doctor-24', 'Department-24', 87),
(25, 'Doctor-25', 'Department-25', 20),
(26, 'Doctor-26', 'Department-26', 67),
(27, 'Doctor-27', 'Department-27', 91),
(28, 'Doctor-28', 'Department-28', 97),
(29, 'Doctor-29', 'Department-29', 43),
(30, 'Doctor-30', 'Department-30', 59),
(31, 'Doctor-31', 'Department-31', 68),
(32, 'Doctor-32', 'Department-32', 42),
(33, 'Doctor-33', 'Department-33', 80),
(34, 'Doctor-34', 'Department-34', 91),
(35, 'Doctor-35', 'Department-35', 19),
(36, 'Doctor-36', 'Department-36', 57),
(37, 'Doctor-37', 'Department-37', 71),
(38, 'Doctor-38', 'Department-38', 58),
(39, 'Doctor-39', 'Department-39', 44),
(40, 'Doctor-40', 'Department-40', 24),
(41, 'Doctor-41', 'Department-41', 89),
(42, 'Doctor-42', 'Department-42', 73),
(43, 'Doctor-43', 'Department-43', 48),
(44, 'Doctor-44', 'Department-44', 89),
(45, 'Doctor-45', 'Department-45', 77),
(46, 'Doctor-46', 'Department-46', 37),
(47, 'Doctor-47', 'Department-47', 1),
(48, 'Doctor-48', 'Department-48', 50),
(49, 'Doctor-49', 'Department-49', 17),
(50, 'Doctor-50', 'Department-50', 60),
(51, 'Doctor-51', 'Department-51', 8),
(52, 'Doctor-52', 'Department-52', 92),
(53, 'Doctor-53', 'Department-53', 99),
(54, 'Doctor-54', 'Department-54', 17),
(55, 'Doctor-55', 'Department-55', 60),
(56, 'Doctor-56', 'Department-56', 38),
(57, 'Doctor-57', 'Department-57', 47),
(58, 'Doctor-58', 'Department-58', 11),
(59, 'Doctor-59', 'Department-59', 43),
(60, 'Doctor-60', 'Department-60', 42),
(61, 'Doctor-61', 'Department-61', 68),
(62, 'Doctor-62', 'Department-62', 73),
(63, 'Doctor-63', 'Department-63', 47),
(64, 'Doctor-64', 'Department-64', 48),
(65, 'Doctor-65', 'Department-65', 52),
(66, 'Doctor-66', 'Department-66', 50),
(67, 'Doctor-67', 'Department-67', 16),
(68, 'Doctor-68', 'Department-68', 43),
(69, 'Doctor-69', 'Department-69', 20),
(70, 'Doctor-70', 'Department-70', 15),
(71, 'Doctor-71', 'Department-71', 56),
(72, 'Doctor-72', 'Department-72', 79),
(73, 'Doctor-73', 'Department-73', 14),
(74, 'Doctor-74', 'Department-74', 27),
(75, 'Doctor-75', 'Department-75', 9),
(76, 'Doctor-76', 'Department-76', 49),
(77, 'Doctor-77', 'Department-77', 14),
(78, 'Doctor-78', 'Department-78', 45),
(79, 'Doctor-79', 'Department-79', 38),
(80, 'Doctor-80', 'Department-80', 53),
(81, 'Doctor-81', 'Department-81', 36),
(82, 'Doctor-82', 'Department-82', 40),
(83, 'Doctor-83', 'Department-83', 15),
(84, 'Doctor-84', 'Department-84', 71),
(85, 'Doctor-85', 'Department-85', 72),
(86, 'Doctor-86', 'Department-86', 84),
(87, 'Doctor-87', 'Department-87', 91),
(88, 'Doctor-88', 'Department-88', 22),
(89, 'Doctor-89', 'Department-89', 85),
(90, 'Doctor-90', 'Department-90', 2),
(91, 'Doctor-91', 'Department-91', 22),
(92, 'Doctor-92', 'Department-92', 41),
(93, 'Doctor-93', 'Department-93', 41),
(94, 'Doctor-94', 'Department-94', 33),
(95, 'Doctor-95', 'Department-95', 60),
(96, 'Doctor-96', 'Department-96', 11),
(97, 'Doctor-97', 'Department-97', 70),
(98, 'Doctor-98', 'Department-98', 9),
(99, 'Doctor-99', 'Department-99', 96),
(100, 'Doctor-100', 'Department-100', 16),
(101, 'Doctor-101', 'Department-101', 7),
(102, 'Doctor-102', 'Department-102', 51),
(103, 'Doctor-103', 'Department-103', 10),
(104, 'Doctor-104', 'Department-104', 75),
(105, 'Doctor-105', 'Department-105', 49),
(106, 'Doctor-106', 'Department-106', 71),
(107, 'Doctor-107', 'Department-107', 59),
(108, 'Doctor-108', 'Department-108', 9),
(109, 'Doctor-109', 'Department-109', 23),
(110, 'Doctor-110', 'Department-110', 31),
(111, 'Doctor-111', 'Department-111', 49),
(112, 'Doctor-112', 'Department-112', 23),
(113, 'Doctor-113', 'Department-113', 82),
(114, 'Doctor-114', 'Department-114', 4),
(115, 'Doctor-115', 'Department-115', 36),
(116, 'Doctor-116', 'Department-116', 99),
(117, 'Doctor-117', 'Department-117', 81),
(118, 'Doctor-118', 'Department-118', 85),
(119, 'Doctor-119', 'Department-119', 80),
(120, 'Doctor-120', 'Department-120', 3),
(121, 'Doctor-121', 'Department-121', 40),
(122, 'Doctor-122', 'Department-122', 91),
(123, 'Doctor-123', 'Department-123', 56),
(124, 'Doctor-124', 'Department-124', 53),
(125, 'Doctor-125', 'Department-125', 92),
(126, 'Doctor-126', 'Department-126', 80),
(127, 'Doctor-127', 'Department-127', 63),
(128, 'Doctor-128', 'Department-128', 76),
(129, 'Doctor-129', 'Department-129', 32),
(130, 'Doctor-130', 'Department-130', 31),
(131, 'Doctor-131', 'Department-131', 77),
(132, 'Doctor-132', 'Department-132', 13),
(133, 'Doctor-133', 'Department-133', 36),
(134, 'Doctor-134', 'Department-134', 2),
(135, 'Doctor-135', 'Department-135', 7),
(136, 'Doctor-136', 'Department-136', 61),
(137, 'Doctor-137', 'Department-137', 22),
(138, 'Doctor-138', 'Department-138', 53),
(139, 'Doctor-139', 'Department-139', 97),
(140, 'Doctor-140', 'Department-140', 84),
(141, 'Doctor-141', 'Department-141', 91),
(142, 'Doctor-142', 'Department-142', 71),
(143, 'Doctor-143', 'Department-143', 97),
(144, 'Doctor-144', 'Department-144', 98),
(145, 'Doctor-145', 'Department-145', 89),
(146, 'Doctor-146', 'Department-146', 25),
(147, 'Doctor-147', 'Department-147', 77),
(148, 'Doctor-148', 'Department-148', 55),
(149, 'Doctor-149', 'Department-149', 13),
(150, 'Doctor-150', 'Department-150', 49),
(151, 'Doctor-151', 'Department-151', 91),
(152, 'Doctor-152', 'Department-152', 56),
(153, 'Doctor-153', 'Department-153', 1),
(154, 'Doctor-154', 'Department-154', 45),
(155, 'Doctor-155', 'Department-155', 6),
(156, 'Doctor-156', 'Department-156', 63),
(157, 'Doctor-157', 'Department-157', 28),
(158, 'Doctor-158', 'Department-158', 8),
(159, 'Doctor-159', 'Department-159', 66),
(160, 'Doctor-160', 'Department-160', 36),
(161, 'Doctor-161', 'Department-161', 74),
(162, 'Doctor-162', 'Department-162', 26),
(163, 'Doctor-163', 'Department-163', 83),
(164, 'Doctor-164', 'Department-164', 60),
(165, 'Doctor-165', 'Department-165', 9),
(166, 'Doctor-166', 'Department-166', 55),
(167, 'Doctor-167', 'Department-167', 17),
(168, 'Doctor-168', 'Department-168', 16),
(169, 'Doctor-169', 'Department-169', 89),
(170, 'Doctor-170', 'Department-170', 61),
(171, 'Doctor-171', 'Department-171', 71),
(172, 'Doctor-172', 'Department-172', 61),
(173, 'Doctor-173', 'Department-173', 4),
(174, 'Doctor-174', 'Department-174', 10),
(175, 'Doctor-175', 'Department-175', 3),
(176, 'Doctor-176', 'Department-176', 57),
(177, 'Doctor-177', 'Department-177', 35),
(178, 'Doctor-178', 'Department-178', 66),
(179, 'Doctor-179', 'Department-179', 84),
(180, 'Doctor-180', 'Department-180', 49),
(181, 'Doctor-181', 'Department-181', 41),
(182, 'Doctor-182', 'Department-182', 89),
(183, 'Doctor-183', 'Department-183', 36),
(184, 'Doctor-184', 'Department-184', 9),
(185, 'Doctor-185', 'Department-185', 19),
(186, 'Doctor-186', 'Department-186', 50),
(187, 'Doctor-187', 'Department-187', 13),
(188, 'Doctor-188', 'Department-188', 43),
(189, 'Doctor-189', 'Department-189', 11),
(190, 'Doctor-190', 'Department-190', 6),
(191, 'Doctor-191', 'Department-191', 27),
(192, 'Doctor-192', 'Department-192', 42),
(193, 'Doctor-193', 'Department-193', 8),
(194, 'Doctor-194', 'Department-194', 17),
(195, 'Doctor-195', 'Department-195', 2),
(196, 'Doctor-196', 'Department-196', 50),
(197, 'Doctor-197', 'Department-197', 29),
(198, 'Doctor-198', 'Department-198', 47),
(199, 'Doctor-199', 'Department-199', 78);

-- --------------------------------------------------------

--
-- Table structure for table `donor`
--

CREATE TABLE `donor` (
  `Donor_ID` int(11) NOT NULL,
  `organ_donated` varchar(20) NOT NULL,
  `reason_of_donation` varchar(20) DEFAULT NULL,
  `Organization_ID` int(11) NOT NULL,
  `User_ID` int(11) NOT NULL
) ENGINE=InnoDB DEFAULT CHARSET=utf8mb4;

--
-- Dumping data for table `donor`
--

INSERT INTO `donor` (`Donor_ID`, `organ_donated`, `reason_of_donation`, `Organization_ID`, `User_ID`) VALUES
(1, 'Heart', 'Reason-1', 97, 90),
(2, 'Pancreas', 'Reason-2', 79, 41),
(3, 'Pancreas', 'Reason-3', 1, 95),
(4, 'Intestine', 'Reason-4', 60, 96),
(5, 'Kidney', 'Reason-5', 69, 72),
(6, 'Pancreas', 'Reason-6', 1, 89),
(7, 'Kidney', 'Reason-7', 51, 43),
(8, 'Kidney', 'Reason-8', 53, 61),
(9, 'Heart', 'Reason-9', 57, 16),
(10, 'Heart', 'Reason-10', 24, 50),
(11, 'Kidney', 'Reason-11', 8, 92),
(12, 'Pancreas', 'Reason-12', 64, 58),
(13, 'Pancreas', 'Reason-13', 28, 45),
(14, 'Pancreas', 'Reason-14', 10, 75),
(15, 'Heart', 'Reason-15', 50, 53),
(16, 'Intestine', 'Reason-16', 27, 31),
(17, 'Intestine', 'Reason-17', 72, 94),
(18, 'Intestine', 'Reason-18', 97, 7),
(19, 'Pancreas', 'Reason-19', 69, 67),
(20, 'Intestine', 'Reason-20', 40, 28),
(21, 'Pancreas', 'Reason-21', 97, 40),
(22, 'Lung', 'Reason-22', 56, 50),
(23, 'Heart', 'Reason-23', 81, 99),
(24, 'Lung', 'Reason-24', 89, 50),
(25, 'Intestine', 'Reason-25', 43, 30),
(26, 'Intestine', 'Reason-26', 60, 50),
(27, 'Lung', 'Reason-27', 33, 92),
(28, 'Pancreas', 'Reason-28', 67, 93),
(29, 'Intestine', 'Reason-29', 62, 58),
(30, 'Kidney', 'Reason-30', 27, 32),
(31, 'Heart', 'Reason-31', 4, 27),
(32, 'Lung', 'Reason-32', 11, 72),
(33, 'Kidney', 'Reason-33', 57, 8),
(34, 'Heart', 'Reason-34', 22, 29),
(35, 'Heart', 'Reason-35', 66, 58),
(36, 'Heart', 'Reason-36', 21, 99),
(37, 'Heart', 'Reason-37', 72, 61),
(38, 'Pancreas', 'Reason-38', 12, 28),
(39, 'Intestine', 'Reason-39', 27, 92),
(40, 'Intestine', 'Reason-40', 71, 79),
(41, 'Intestine', 'Reason-41', 2, 31),
(42, 'Kidney', 'Reason-42', 85, 36),
(43, 'Kidney', 'Reason-43', 35, 7),
(44, 'Lung', 'Reason-44', 28, 34),
(45, 'Heart', 'Reason-45', 5, 33),
(46, 'Lung', 'Reason-46', 14, 80),
(47, 'Intestine', 'Reason-47', 9, 6),
(48, 'Lung', 'Reason-48', 54, 42),
(49, 'Kidney', 'Reason-49', 94, 73),
(50, 'Kidney', 'Reason-50', 29, 25),
(51, 'Intestine', 'Reason-51', 55, 44),
(52, 'Pancreas', 'Reason-52', 24, 70),
(53, 'Kidney', 'Reason-53', 9, 17),
(54, 'Intestine', 'Reason-54', 73, 46),
(55, 'Lung', 'Reason-55', 25, 35),
(56, 'Kidney', 'Reason-56', 25, 25),
(57, 'Intestine', 'Reason-57', 23, 48),
(58, 'Heart', 'Reason-58', 56, 21),
(59, 'Lung', 'Reason-59', 6, 57),
(60, 'Kidney', 'Reason-60', 24, 67),
(61, 'Lung', 'Reason-61', 4, 30),
(62, 'Intestine', 'Reason-62', 9, 94),
(63, 'Kidney', 'Reason-63', 67, 35),
(64, 'Kidney', 'Reason-64', 89, 28),
(65, 'Pancreas', 'Reason-65', 79, 32),
(66, 'Lung', 'Reason-66', 98, 59),
(67, 'Lung', 'Reason-67', 31, 58),
(68, 'Intestine', 'Reason-68', 84, 52),
(69, 'Heart', 'Reason-69', 64, 39),
(70, 'Lung', 'Reason-70', 78, 17),
(71, 'Pancreas', 'Reason-71', 46, 89),
(72, 'Lung', 'Reason-72', 55, 36),
(73, 'Lung', 'Reason-73', 25, 54),
(74, 'Lung', 'Reason-74', 38, 27),
(75, 'Intestine', 'Reason-75', 5, 27),
(76, 'Kidney', 'Reason-76', 16, 18),
(77, 'Pancreas', 'Reason-77', 46, 28),
(78, 'Pancreas', 'Reason-78', 68, 13),
(79, 'Pancreas', 'Reason-79', 65, 71),
(80, 'Kidney', 'Reason-80', 64, 98),
(81, 'Lung', 'Reason-81', 43, 75),
(82, 'Heart', 'Reason-82', 21, 56),
(83, 'Intestine', 'Reason-83', 67, 6),
(84, 'Pancreas', 'Reason-84', 34, 18),
(85, 'Heart', 'Reason-85', 37, 5),
(86, 'Heart', 'Reason-86', 93, 69),
(87, 'Kidney', 'Reason-87', 38, 96),
(88, 'Intestine', 'Reason-88', 42, 44),
(89, 'Heart', 'Reason-89', 75, 88),
(90, 'Intestine', 'Reason-90', 83, 1),
(91, 'Kidney', 'Reason-91', 11, 40),
(92, 'Intestine', 'Reason-92', 70, 16),
(93, 'Kidney', 'Reason-93', 77, 79),
(94, 'Kidney', 'Reason-94', 45, 32),
(95, 'Heart', 'Reason-95', 40, 47),
(96, 'Pancreas', 'Reason-96', 77, 73),
(97, 'Intestine', 'Reason-97', 92, 32),
(98, 'Heart', 'Reason-98', 84, 29),
(99, 'Pancreas', 'Reason-99', 61, 33),
(100, 'Kidney', 'Reason-100', 92, 5),
(101, 'Pancreas', 'Reason-101', 98, 35),
(102, 'Heart', 'Reason-102', 90, 25),
(103, 'Heart', 'Reason-103', 18, 3),
(104, 'Heart', 'Reason-104', 45, 79),
(105, 'Kidney', 'Reason-105', 17, 9),
(106, 'Pancreas', 'Reason-106', 93, 3),
(107, 'Intestine', 'Reason-107', 78, 76),
(108, 'Pancreas', 'Reason-108', 46, 91),
(109, 'Pancreas', 'Reason-109', 80, 28),
(110, 'Lung', 'Reason-110', 60, 80),
(111, 'Kidney', 'Reason-111', 52, 85),
(112, 'Pancreas', 'Reason-112', 38, 14),
(113, 'Pancreas', 'Reason-113', 18, 91),
(114, 'Pancreas', 'Reason-114', 11, 91),
(115, 'Heart', 'Reason-115', 49, 95),
(116, 'Lung', 'Reason-116', 20, 11),
(117, 'Heart', 'Reason-117', 93, 66),
(118, 'Kidney', 'Reason-118', 24, 23),
(119, 'Pancreas', 'Reason-119', 97, 55),
(120, 'Lung', 'Reason-120', 95, 81),
(121, 'Heart', 'Reason-121', 9, 53),
(122, 'Kidney', 'Reason-122', 69, 9),
(123, 'Pancreas', 'Reason-123', 28, 58),
(124, 'Heart', 'Reason-124', 2, 59),
(125, 'Heart', 'Reason-125', 61, 39),
(126, 'Heart', 'Reason-126', 1, 14),
(127, 'Lung', 'Reason-127', 43, 97),
(128, 'Kidney', 'Reason-128', 28, 46),
(129, 'Intestine', 'Reason-129', 4, 71),
(130, 'Lung', 'Reason-130', 22, 26),
(131, 'Pancreas', 'Reason-131', 8, 91),
(132, 'Heart', 'Reason-132', 36, 58),
(133, 'Lung', 'Reason-133', 68, 47),
(134, 'Lung', 'Reason-134', 86, 88),
(135, 'Heart', 'Reason-135', 22, 8),
(136, 'Pancreas', 'Reason-136', 28, 31),
(137, 'Intestine', 'Reason-137', 35, 64),
(138, 'Heart', 'Reason-138', 78, 80),
(139, 'Pancreas', 'Reason-139', 11, 67),
(140, 'Kidney', 'Reason-140', 63, 82),
(141, 'Kidney', 'Reason-141', 91, 76),
(142, 'Lung', 'Reason-142', 41, 38),
(143, 'Pancreas', 'Reason-143', 53, 71),
(144, 'Heart', 'Reason-144', 73, 37),
(145, 'Heart', 'Reason-145', 4, 36),
(146, 'Intestine', 'Reason-146', 27, 25),
(147, 'Intestine', 'Reason-147', 96, 64),
(148, 'Lung', 'Reason-148', 38, 78),
(149, 'Lung', 'Reason-149', 55, 63),
(150, 'Kidney', 'Reason-150', 76, 54),
(151, 'Kidney', 'Reason-151', 52, 8),
(152, 'Heart', 'Reason-152', 32, 53),
(153, 'Kidney', 'Reason-153', 40, 2),
(154, 'Intestine', 'Reason-154', 12, 4),
(155, 'Kidney', 'Reason-155', 9, 68),
(156, 'Pancreas', 'Reason-156', 7, 44),
(157, 'Kidney', 'Reason-157', 66, 67),
(158, 'Kidney', 'Reason-158', 51, 25),
(159, 'Lung', 'Reason-159', 94, 77),
(160, 'Kidney', 'Reason-160', 64, 12),
(161, 'Kidney', 'Reason-161', 75, 52),
(162, 'Lung', 'Reason-162', 13, 60),
(163, 'Pancreas', 'Reason-163', 48, 34),
(164, 'Heart', 'Reason-164', 90, 82),
(165, 'Lung', 'Reason-165', 13, 73),
(166, 'Lung', 'Reason-166', 12, 69),
(167, 'Pancreas', 'Reason-167', 58, 1),
(168, 'Pancreas', 'Reason-168', 12, 26),
(169, 'Intestine', 'Reason-169', 29, 89),
(170, 'Lung', 'Reason-170', 94, 77),
(171, 'Kidney', 'Reason-171', 80, 33),
(172, 'Kidney', 'Reason-172', 19, 3),
(173, 'Intestine', 'Reason-173', 98, 92),
(174, 'Kidney', 'Reason-174', 65, 70),
(175, 'Kidney', 'Reason-175', 89, 37),
(176, 'Lung', 'Reason-176', 90, 58),
(177, 'Intestine', 'Reason-177', 47, 60),
(178, 'Lung', 'Reason-178', 91, 33),
(179, 'Intestine', 'Reason-179', 38, 55),
(180, 'Heart', 'Reason-180', 98, 1),
(181, 'Pancreas', 'Reason-181', 7, 83),
(182, 'Kidney', 'Reason-182', 54, 75),
(183, 'Heart', 'Reason-183', 30, 50),
(184, 'Lung', 'Reason-184', 68, 84),
(185, 'Heart', 'Reason-185', 69, 88),
(186, 'Pancreas', 'Reason-186', 36, 82),
(187, 'Intestine', 'Reason-187', 56, 51),
(188, 'Pancreas', 'Reason-188', 27, 53),
(189, 'Pancreas', 'Reason-189', 60, 39),
(190, 'Heart', 'Reason-190', 11, 26),
(191, 'Intestine', 'Reason-191', 33, 42),
(192, 'Intestine', 'Reason-192', 36, 31),
(193, 'Intestine', 'Reason-193', 90, 98),
(194, 'Kidney', 'Reason-194', 39, 50),
(195, 'Kidney', 'Reason-195', 18, 22),
(196, 'Pancreas', 'Reason-196', 81, 94),
(197, 'Heart', 'Reason-197', 17, 8),
(198, 'Lung', 'Reason-198', 63, 43),
(199, 'Kidney', 'Reason-199', 93, 47);

-- --------------------------------------------------------

--
-- Table structure for table `organization`
--

CREATE TABLE `organization` (
  `Organization_ID` int(11) NOT NULL,
  `Organization_name` varchar(20) NOT NULL,
  `Location` varchar(20) DEFAULT NULL,
  `Government_approved` int(11) DEFAULT NULL
) ENGINE=InnoDB DEFAULT CHARSET=utf8mb4;

--
-- Dumping data for table `organization`
--

INSERT INTO `organization` (`Organization_ID`, `Organization_name`, `Location`, `Government_approved`) VALUES
(1, 'Organization-1', 'New Delhi', 1),
(2, 'Organization-2', 'Mumbai', 0),
(3, 'Organization-3', 'Kolkata', 0),
(4, 'Organization-4', 'Kolkata', 1),
(5, 'Organization-5', 'Ahmedabad', 1),
(6, 'Organization-6', 'Kolkata', 0),
(7, 'Organization-7', 'Kolkata', 0),
(8, 'Organization-8', 'Ahmedabad', 0),
(9, 'Organization-9', 'Kolkata', 1),
(10, 'Organization-10', 'Ahmedabad', 1),
(11, 'Organization-11', 'Ahmedabad', 1),
(12, 'Organization-12', 'Mumbai', 0),
(13, 'Organization-13', 'Kolkata', 0),
(14, 'Organization-14', 'Ahmedabad', 1),
(15, 'Organization-15', 'Ahmedabad', 0),
(16, 'Organization-16', 'Kolkata', 0),
(17, 'Organization-17', 'Kolkata', 1),
(18, 'Organization-18', 'Mumbai', 1),
(19, 'Organization-19', 'Ahmedabad', 1),
(20, 'Organization-20', 'Ahmedabad', 1),
(21, 'Organization-21', 'Ahmedabad', 0),
(22, 'Organization-22', 'New Delhi', 0),
(23, 'Organization-23', 'Mumbai', 1),
(24, 'Organization-24', 'Ahmedabad', 0),
(25, 'Organization-25', 'Mumbai', 0),
(26, 'Organization-26', 'Ahmedabad', 0),
(27, 'Organization-27', 'Kolkata', 0),
(28, 'Organization-28', 'Mumbai', 0),
(29, 'Organization-29', 'Mumbai', 1),
(30, 'Organization-30', 'New Delhi', 1),
(31, 'Organization-31', 'New Delhi', 0),
(32, 'Organization-32', 'New Delhi', 0),
(33, 'Organization-33', 'New Delhi', 0),
(34, 'Organization-34', 'Kolkata', 0),
(35, 'Organization-35', 'New Delhi', 0),
(36, 'Organization-36', 'Mumbai', 0),
(37, 'Organization-37', 'Kolkata', 0),
(38, 'Organization-38', 'New Delhi', 1),
(39, 'Organization-39', 'Kolkata', 1),
(40, 'Organization-40', 'New Delhi', 0),
(41, 'Organization-41', 'Mumbai', 0),
(42, 'Organization-42', 'Kolkata', 0),
(43, 'Organization-43', 'New Delhi', 1),
(44, 'Organization-44', 'Kolkata', 0),
(45, 'Organization-45', 'New Delhi', 1),
(46, 'Organization-46', 'Ahmedabad', 0),
(47, 'Organization-47', 'Mumbai', 1),
(48, 'Organization-48', 'New Delhi', 1),
(49, 'Organization-49', 'Ahmedabad', 0),
(50, 'Organization-50', 'Ahmedabad', 1),
(51, 'Organization-51', 'Kolkata', 0),
(52, 'Organization-52', 'New Delhi', 0),
(53, 'Organization-53', 'New Delhi', 0),
(54, 'Organization-54', 'Kolkata', 0),
(55, 'Organization-55', 'Mumbai', 0),
(56, 'Organization-56', 'Ahmedabad', 0),
(57, 'Organization-57', 'Kolkata', 0),
(58, 'Organization-58', 'Kolkata', 0),
(59, 'Organization-59', 'Kolkata', 1),
(60, 'Organization-60', 'Mumbai', 0),
(61, 'Organization-61', 'Mumbai', 1),
(62, 'Organization-62', 'Kolkata', 1),
(63, 'Organization-63', 'Mumbai', 1),
(64, 'Organization-64', 'Kolkata', 0),
(65, 'Organization-65', 'Kolkata', 0),
(66, 'Organization-66', 'Mumbai', 0),
(67, 'Organization-67', 'Mumbai', 0),
(68, 'Organization-68', 'Ahmedabad', 0),
(69, 'Organization-69', 'New Delhi', 0),
(70, 'Organization-70', 'Ahmedabad', 1),
(71, 'Organization-71', 'Ahmedabad', 1),
(72, 'Organization-72', 'Ahmedabad', 1),
(73, 'Organization-73', 'New Delhi', 0),
(74, 'Organization-74', 'Ahmedabad', 0),
(75, 'Organization-75', 'New Delhi', 0),
(76, 'Organization-76', 'Kolkata', 0),
(77, 'Organization-77', 'Ahmedabad', 1),
(78, 'Organization-78', 'New Delhi', 1),
(79, 'Organization-79', 'New Delhi', 0),
(80, 'Organization-80', 'Mumbai', 0),
(81, 'Organization-81', 'Ahmedabad', 0),
(82, 'Organization-82', 'Ahmedabad', 1),
(83, 'Organization-83', 'Ahmedabad', 0),
(84, 'Organization-84', 'Mumbai', 1),
(85, 'Organization-85', 'Kolkata', 0),
(86, 'Organization-86', 'Mumbai', 0),
(87, 'Organization-87', 'Kolkata', 1),
(88, 'Organization-88', 'Ahmedabad', 0),
(89, 'Organization-89', 'Mumbai', 1),
(90, 'Organization-90', 'Kolkata', 0),
(91, 'Organization-91', 'Ahmedabad', 0),
(92, 'Organization-92', 'Ahmedabad', 0),
(93, 'Organization-93', 'Kolkata', 0),
(94, 'Organization-94', 'Ahmedabad', 0),
(95, 'Organization-95', 'Mumbai', 1),
(96, 'Organization-96', 'Kolkata', 1),
(97, 'Organization-97', 'New Delhi', 0),
(98, 'Organization-98', 'Mumbai', 1),
(99, 'Organization-99', 'New Delhi', 0);

-- --------------------------------------------------------

--
-- Table structure for table `organ_available`
--

CREATE TABLE `organ_available` (
  `Organ_ID` int(11) NOT NULL,
  `Organ_name` varchar(20) NOT NULL,
  `Donor_ID` int(11) NOT NULL
) ENGINE=InnoDB DEFAULT CHARSET=utf8mb4;

-- --------------------------------------------------------

--
-- Table structure for table `patient`
--

CREATE TABLE `patient` (
  `Patient_ID` int(11) NOT NULL,
  `organ_req` varchar(20) NOT NULL,
  `reason_of_procurement` varchar(20) DEFAULT NULL,
  `Doctor_ID` int(11) NOT NULL,
  `User_ID` int(11) NOT NULL
) ENGINE=InnoDB DEFAULT CHARSET=utf8mb4;

--
-- Dumping data for table `patient`
--

INSERT INTO `patient` (`Patient_ID`, `organ_req`, `reason_of_procurement`, `Doctor_ID`, `User_ID`) VALUES
(1, 'Heart', 'Reason-1', 63, 48),
(2, 'Kidney', 'Reason-2', 62, 11),
(3, 'Pancreas', 'Reason-3', 72, 84),
(4, 'Kidney', 'Reason-4', 87, 36),
(5, 'Heart', 'Reason-5', 44, 13),
(6, 'Lung', 'Reason-6', 71, 52),
(7, 'Intestine', 'Reason-7', 63, 85),
(8, 'Intestine', 'Reason-8', 42, 83),
(9, 'Lung', 'Reason-9', 41, 52),
(10, 'Kidney', 'Reason-10', 16, 8),
(11, 'Kidney', 'Reason-11', 91, 95),
(12, 'Pancreas', 'Reason-12', 70, 58),
(13, 'Intestine', 'Reason-13', 81, 44),
(14, 'Heart', 'Reason-14', 3, 94),
(15, 'Kidney', 'Reason-15', 94, 30),
(16, 'Lung', 'Reason-16', 95, 97),
(17, 'Heart', 'Reason-17', 7, 2),
(18, 'Kidney', 'Reason-18', 89, 82),
(19, 'Kidney', 'Reason-19', 25, 24),
(20, 'Pancreas', 'Reason-20', 11, 23),
(21, 'Intestine', 'Reason-21', 64, 66),
(22, 'Pancreas', 'Reason-22', 52, 66),
(23, 'Lung', 'Reason-23', 64, 28),
(24, 'Intestine', 'Reason-24', 30, 13),
(25, 'Heart', 'Reason-25', 2, 81),
(26, 'Lung', 'Reason-26', 94, 8),
(27, 'Intestine', 'Reason-27', 75, 78),
(28, 'Pancreas', 'Reason-28', 94, 94),
(29, 'Kidney', 'Reason-29', 9, 80),
(30, 'Intestine', 'Reason-30', 82, 74),
(31, 'Pancreas', 'Reason-31', 33, 87),
(32, 'Pancreas', 'Reason-32', 98, 55),
(33, 'Heart', 'Reason-33', 58, 37),
(34, 'Heart', 'Reason-34', 10, 31),
(35, 'Kidney', 'Reason-35', 51, 2),
(36, 'Pancreas', 'Reason-36', 98, 67),
(37, 'Heart', 'Reason-37', 53, 47),
(38, 'Kidney', 'Reason-38', 59, 20),
(39, 'Pancreas', 'Reason-39', 81, 59),
(40, 'Lung', 'Reason-40', 89, 46),
(41, 'Pancreas', 'Reason-41', 50, 29),
(42, 'Lung', 'Reason-42', 28, 95),
(43, 'Heart', 'Reason-43', 10, 14),
(44, 'Pancreas', 'Reason-44', 20, 44),
(45, 'Kidney', 'Reason-45', 10, 17),
(46, 'Pancreas', 'Reason-46', 38, 14),
(47, 'Pancreas', 'Reason-47', 68, 88),
(48, 'Lung', 'Reason-48', 28, 32),
(49, 'Kidney', 'Reason-49', 76, 14),
(50, 'Lung', 'Reason-50', 95, 4),
(51, 'Heart', 'Reason-51', 90, 11),
(52, 'Lung', 'Reason-52', 65, 94),
(53, 'Heart', 'Reason-53', 9, 7),
(54, 'Kidney', 'Reason-54', 24, 75),
(55, 'Heart', 'Reason-55', 98, 36),
(56, 'Kidney', 'Reason-56', 97, 17),
(57, 'Pancreas', 'Reason-57', 34, 57),
(58, 'Lung', 'Reason-58', 74, 14),
(59, 'Heart', 'Reason-59', 80, 17),
(60, 'Kidney', 'Reason-60', 84, 14),
(61, 'Kidney', 'Reason-61', 60, 42),
(62, 'Pancreas', 'Reason-62', 97, 29),
(63, 'Heart', 'Reason-63', 96, 84),
(64, 'Heart', 'Reason-64', 2, 81),
(65, 'Kidney', 'Reason-65', 89, 8),
(66, 'Heart', 'Reason-66', 25, 52),
(67, 'Pancreas', 'Reason-67', 92, 74),
(68, 'Kidney', 'Reason-68', 31, 44),
(69, 'Heart', 'Reason-69', 13, 76),
(70, 'Pancreas', 'Reason-70', 67, 78),
(71, 'Lung', 'Reason-71', 48, 82),
(72, 'Heart', 'Reason-72', 11, 41),
(73, 'Heart', 'Reason-73', 55, 90),
(74, 'Pancreas', 'Reason-74', 91, 40),
(75, 'Intestine', 'Reason-75', 64, 25),
(76, 'Lung', 'Reason-76', 88, 70),
(77, 'Pancreas', 'Reason-77', 18, 74),
(78, 'Intestine', 'Reason-78', 68, 7),
(79, 'Heart', 'Reason-79', 33, 50),
(80, 'Lung', 'Reason-80', 56, 29),
(81, 'Intestine', 'Reason-81', 56, 24),
(82, 'Pancreas', 'Reason-82', 75, 81),
(83, 'Pancreas', 'Reason-83', 93, 64),
(84, 'Lung', 'Reason-84', 38, 5),
(85, 'Pancreas', 'Reason-85', 58, 12),
(86, 'Pancreas', 'Reason-86', 49, 45),
(87, 'Heart', 'Reason-87', 70, 98),
(88, 'Intestine', 'Reason-88', 3, 23),
(89, 'Pancreas', 'Reason-89', 63, 71),
(90, 'Pancreas', 'Reason-90', 95, 21),
(91, 'Lung', 'Reason-91', 17, 56),
(92, 'Lung', 'Reason-92', 61, 48),
(93, 'Pancreas', 'Reason-93', 98, 77),
(94, 'Heart', 'Reason-94', 54, 67),
(95, 'Lung', 'Reason-95', 51, 87),
(96, 'Lung', 'Reason-96', 30, 45),
(97, 'Kidney', 'Reason-97', 76, 2),
(98, 'Intestine', 'Reason-98', 8, 67),
(99, 'Heart', 'Reason-99', 25, 65),
(100, 'Lung', 'Reason-100', 45, 66),
(101, 'Pancreas', 'Reason-101', 86, 79),
(102, 'Pancreas', 'Reason-102', 71, 95),
(103, 'Heart', 'Reason-103', 34, 28),
(104, 'Pancreas', 'Reason-104', 97, 79),
(105, 'Lung', 'Reason-105', 44, 8),
(106, 'Kidney', 'Reason-106', 42, 89),
(107, 'Intestine', 'Reason-107', 55, 37),
(108, 'Kidney', 'Reason-108', 67, 84),
(109, 'Kidney', 'Reason-109', 99, 61),
(110, 'Intestine', 'Reason-110', 18, 47),
(111, 'Lung', 'Reason-111', 80, 42),
(112, 'Lung', 'Reason-112', 63, 55),
(113, 'Intestine', 'Reason-113', 67, 23),
(114, 'Pancreas', 'Reason-114', 82, 30),
(115, 'Pancreas', 'Reason-115', 64, 16),
(116, 'Intestine', 'Reason-116', 41, 39),
(117, 'Kidney', 'Reason-117', 15, 32),
(118, 'Heart', 'Reason-118', 88, 24),
(119, 'Lung', 'Reason-119', 59, 82),
(120, 'Pancreas', 'Reason-120', 45, 82),
(121, 'Intestine', 'Reason-121', 6, 39),
(122, 'Kidney', 'Reason-122', 40, 13),
(123, 'Intestine', 'Reason-123', 13, 90),
(124, 'Kidney', 'Reason-124', 83, 62),
(125, 'Pancreas', 'Reason-125', 85, 13),
(126, 'Heart', 'Reason-126', 2, 41),
(127, 'Heart', 'Reason-127', 2, 45),
(128, 'Pancreas', 'Reason-128', 45, 45),
(129, 'Intestine', 'Reason-129', 76, 69),
(130, 'Pancreas', 'Reason-130', 62, 74),
(131, 'Pancreas', 'Reason-131', 60, 30),
(132, 'Kidney', 'Reason-132', 49, 9),
(133, 'Lung', 'Reason-133', 48, 58),
(134, 'Lung', 'Reason-134', 14, 15),
(135, 'Pancreas', 'Reason-135', 73, 94),
(136, 'Lung', 'Reason-136', 27, 19),
(137, 'Kidney', 'Reason-137', 83, 28),
(138, 'Pancreas', 'Reason-138', 29, 37),
(139, 'Intestine', 'Reason-139', 5, 85),
(140, 'Lung', 'Reason-140', 14, 83),
(141, 'Pancreas', 'Reason-141', 98, 47),
(142, 'Pancreas', 'Reason-142', 88, 53),
(143, 'Lung', 'Reason-143', 40, 61),
(144, 'Heart', 'Reason-144', 56, 30),
(145, 'Pancreas', 'Reason-145', 76, 63),
(146, 'Heart', 'Reason-146', 33, 10),
(147, 'Pancreas', 'Reason-147', 89, 15),
(148, 'Kidney', 'Reason-148', 66, 48),
(149, 'Lung', 'Reason-149', 81, 57),
(150, 'Intestine', 'Reason-150', 70, 64),
(151, 'Pancreas', 'Reason-151', 50, 15),
(152, 'Lung', 'Reason-152', 81, 89),
(153, 'Intestine', 'Reason-153', 68, 5),
(154, 'Pancreas', 'Reason-154', 40, 97),
(155, 'Pancreas', 'Reason-155', 50, 58),
(156, 'Lung', 'Reason-156', 62, 84),
(157, 'Heart', 'Reason-157', 10, 98),
(158, 'Heart', 'Reason-158', 64, 58),
(159, 'Heart', 'Reason-159', 44, 29),
(160, 'Intestine', 'Reason-160', 16, 42),
(161, 'Kidney', 'Reason-161', 64, 2),
(162, 'Lung', 'Reason-162', 62, 58),
(163, 'Heart', 'Reason-163', 88, 94),
(164, 'Pancreas', 'Reason-164', 38, 94),
(165, 'Kidney', 'Reason-165', 78, 8),
(166, 'Lung', 'Reason-166', 62, 62),
(167, 'Pancreas', 'Reason-167', 31, 80),
(168, 'Lung', 'Reason-168', 71, 21),
(169, 'Intestine', 'Reason-169', 90, 5),
(170, 'Lung', 'Reason-170', 20, 26),
(171, 'Pancreas', 'Reason-171', 25, 17),
(172, 'Heart', 'Reason-172', 82, 51),
(173, 'Lung', 'Reason-173', 97, 23),
(174, 'Kidney', 'Reason-174', 29, 56),
(175, 'Heart', 'Reason-175', 37, 67),
(176, 'Pancreas', 'Reason-176', 86, 39),
(177, 'Pancreas', 'Reason-177', 53, 68),
(178, 'Heart', 'Reason-178', 21, 31),
(179, 'Intestine', 'Reason-179', 54, 33),
(180, 'Lung', 'Reason-180', 15, 80),
(181, 'Intestine', 'Reason-181', 43, 38),
(182, 'Heart', 'Reason-182', 58, 89),
(183, 'Heart', 'Reason-183', 52, 7),
(184, 'Kidney', 'Reason-184', 93, 4),
(185, 'Kidney', 'Reason-185', 3, 61),
(186, 'Heart', 'Reason-186', 32, 44),
(187, 'Intestine', 'Reason-187', 52, 13),
(188, 'Pancreas', 'Reason-188', 1, 96),
(189, 'Kidney', 'Reason-189', 13, 85),
(190, 'Kidney', 'Reason-190', 53, 99),
(191, 'Pancreas', 'Reason-191', 94, 18),
(192, 'Lung', 'Reason-192', 49, 26),
(193, 'Pancreas', 'Reason-193', 89, 68),
(194, 'Intestine', 'Reason-194', 59, 19),
(195, 'Heart', 'Reason-195', 57, 31),
(196, 'Heart', 'Reason-196', 19, 57),
(197, 'Intestine', 'Reason-197', 7, 59),
(198, 'Lung', 'Reason-198', 82, 71),
(199, 'Lung', 'Reason-199', 86, 31);

-- --------------------------------------------------------

--
-- Table structure for table `transaction`
--

CREATE TABLE `transaction` (
  `Patient_ID` int(11) NOT NULL,
  `Organ_ID` int(11) NOT NULL,
  `Donor_ID` int(11) NOT NULL,
  `Date_of_transaction` date NOT NULL,
  `Status` int(11) NOT NULL
) ENGINE=InnoDB DEFAULT CHARSET=utf8mb4;

--
-- Dumping data for table `transaction`
--

INSERT INTO `transaction` (`Patient_ID`, `Organ_ID`, `Donor_ID`, `Date_of_transaction`, `Status`) VALUES
(1, 93, 93, '2012-04-12', 0),
(4, 155, 155, '2015-05-29', 0),
(6, 58, 58, '2016-10-26', 0),
(7, 172, 172, '2012-10-10', 0),
(8, 71, 71, '2016-05-02', 0),
(10, 147, 147, '2016-03-08', 0),
(12, 145, 145, '2016-11-26', 0),
(19, 4, 4, '2014-11-10', 0),
(20, 129, 129, '2014-10-10', 0),
(21, 144, 144, '2012-12-11', 0),
(22, 7, 7, '2014-09-19', 0),
(26, 23, 23, '2013-08-24', 1),
(28, 143, 143, '2017-12-13', 0),
(30, 82, 82, '2014-07-25', 1),
(31, 152, 152, '2014-09-04', 1),
(32, 119, 119, '2017-05-22', 0),
(33, 162, 162, '2016-12-16', 0),
(34, 106, 106, '2014-03-12', 1),
(36, 123, 123, '2016-12-03', 0),
(37, 91, 91, '2016-07-13', 1),
(38, 102, 102, '2012-08-18', 1),
(39, 170, 170, '2017-06-22', 0),
(43, 130, 130, '2013-07-24', 0),
(50, 66, 66, '2013-11-25', 1),
(51, 149, 149, '2017-01-29', 0),
(52, 101, 101, '2017-07-25', 0),
(55, 134, 134, '2013-06-19', 1),
(58, 87, 87, '2012-05-07', 1),
(60, 186, 186, '2014-09-02', 1),
(63, 131, 131, '2017-09-02', 1),
(65, 94, 94, '2015-10-20', 0),
(68, 17, 17, '2012-05-15', 1),
(69, 97, 97, '2015-12-21', 1),
(70, 60, 60, '2013-02-16', 1),
(72, 191, 191, '2012-09-21', 1),
(73, 36, 36, '2017-03-27', 0),
(74, 64, 64, '2013-12-04', 0),
(75, 2, 2, '2016-12-09', 0),
(76, 196, 196, '2012-06-03', 0),
(77, 69, 69, '2017-03-10', 0),
(78, 40, 40, '2014-06-22', 0),
(79, 76, 76, '2015-12-23', 0),
(82, 96, 96, '2014-12-21', 1),
(83, 20, 20, '2012-11-05', 0),
(84, 193, 193, '2016-04-04', 0),
(85, 9, 9, '2012-01-23', 0),
(86, 184, 184, '2013-11-11', 0),
(88, 160, 160, '2017-01-28', 0),
(90, 195, 195, '2014-03-15', 0),
(91, 126, 126, '2014-10-20', 1),
(97, 19, 19, '2013-04-30', 1),
(103, 117, 117, '2016-12-28', 0),
(104, 1, 1, '2012-04-24', 0),
(105, 109, 109, '2016-12-24', 0),
(107, 173, 173, '2017-09-18', 1),
(108, 28, 28, '2015-08-01', 0),
(109, 181, 181, '2014-05-22', 0),
(110, 53, 53, '2017-01-12', 1),
(111, 164, 164, '2012-04-02', 1),
(112, 18, 18, '2017-05-18', 0),
(113, 110, 110, '2013-09-28', 1),
(115, 166, 166, '2012-02-29', 0),
(116, 168, 168, '2014-07-15', 0),
(119, 27, 27, '2017-11-04', 0),
(120, 121, 121, '2015-04-04', 1),
(124, 29, 29, '2015-04-13', 1),
(125, 188, 188, '2014-07-06', 0),
(127, 32, 32, '2014-03-15', 0),
(136, 198, 198, '2013-05-21', 0),
(142, 44, 44, '2016-06-08', 1),
(143, 156, 156, '2016-10-22', 0),
(145, 72, 72, '2017-11-19', 1),
(147, 177, 177, '2013-01-12', 0),
(149, 30, 30, '2017-07-29', 0),
(153, 95, 95, '2015-12-28', 0),
(156, 154, 154, '2017-04-10', 1),
(161, 78, 78, '2012-05-26', 1),
(162, 52, 52, '2016-03-29', 1),
(163, 80, 80, '2016-09-28', 0),
(167, 111, 111, '2015-10-14', 1),
(169, 165, 165, '2014-05-30', 1),
(172, 21, 21, '2014-03-01', 1),
(174, 77, 77, '2013-08-04', 0),
(175, 50, 50, '2012-07-19', 0),
(176, 107, 107, '2013-02-10', 1),
(179, 138, 138, '2016-12-07', 0),
(182, 48, 48, '2013-04-27', 0),
(183, 16, 16, '2014-03-05', 0),
(184, 57, 57, '2012-06-09', 1),
(185, 8, 8, '2014-09-24', 0),
(186, 83, 83, '2016-12-22', 1),
(188, 153, 153, '2015-11-15', 1),
(189, 15, 15, '2013-04-30', 0),
(190, 22, 22, '2013-05-23', 1),
(191, 120, 120, '2015-10-06', 0),
(195, 67, 67, '2017-02-26', 0),
(196, 135, 135, '2017-09-23', 1),
(197, 157, 157, '2015-05-03', 0),
(199, 10, 10, '2016-09-28', 1);

-- --------------------------------------------------------

--
-- Table structure for table `user`
--

CREATE TABLE `user` (
  `User_ID` int(11) NOT NULL,
  `Name` varchar(20) NOT NULL,
  `Date_of_Birth` date NOT NULL,
  `Medical_insurance` int(11) DEFAULT NULL,
  `Medical_history` varchar(20) DEFAULT NULL,
  `Street` varchar(20) DEFAULT NULL,
  `City` varchar(20) DEFAULT NULL,
  `State` varchar(20) DEFAULT NULL
) ENGINE=InnoDB DEFAULT CHARSET=utf8mb4;

--
-- Dumping data for table `user`
--

INSERT INTO `user` (`User_ID`, `Name`, `Date_of_Birth`, `Medical_insurance`, `Medical_history`, `Street`, `City`, `State`) VALUES
(1, 'Name-1', '1978-08-21', 1, 'NIL', 'Street-1', 'New Delhi', 'Delhi'),
(2, 'Name-2', '1975-12-10', 0, 'NIL', 'Street-2', 'Mumbai', 'Maharashtra'),
(3, 'Name-3', '1976-06-04', 0, 'NIL', 'Street-3', 'Mumbai', 'Maharashtra'),
(4, 'Name-4', '1985-10-13', 1, 'NIL', 'Street-4', 'Ahmedabad', 'Gujarat'),
(5, 'Name-5', '1983-10-12', 1, 'NIL', 'Street-5', 'Kolkata', 'West Bengal'),
(6, 'Name-6', '1977-01-18', 1, 'NIL', 'Street-6', 'Kolkata', 'West Bengal'),
(7, 'Name-7', '1976-02-26', 0, 'NIL', 'Street-7', 'New Delhi', 'Delhi'),
(8, 'Name-8', '1973-04-12', 1, 'NIL', 'Street-8', 'Mumbai', 'Maharashtra'),
(9, 'Name-9', '1976-11-01', 0, 'NIL', 'Street-9', 'Mumbai', 'Maharashtra'),
(10, 'Name-10', '1978-11-18', 1, 'NIL', 'Street-10', 'New Delhi', 'Delhi'),
(11, 'Name-11', '1975-01-06', 1, 'NIL', 'Street-11', 'Mumbai', 'Maharashtra'),
(12, 'Name-12', '1983-11-01', 1, 'NIL', 'Street-12', 'Mumbai', 'Maharashtra'),
(13, 'Name-13', '1983-01-09', 1, 'NIL', 'Street-13', 'New Delhi', 'Delhi'),
(14, 'Name-14', '1975-10-12', 1, 'NIL', 'Street-14', 'Mumbai', 'Maharashtra'),
(15, 'Name-15', '1977-09-23', 0, 'NIL', 'Street-15', 'Ahmedabad', 'Gujarat'),
(16, 'Name-16', '1982-11-29', 1, 'NIL', 'Street-16', 'New Delhi', 'Delhi'),
(17, 'Name-17', '1974-03-19', 0, 'NIL', 'Street-17', 'Mumbai', 'Maharashtra'),
(18, 'Name-18', '1973-10-27', 0, 'NIL', 'Street-18', 'New Delhi', 'Delhi'),
(19, 'Name-19', '1980-03-18', 0, 'NIL', 'Street-19', 'Kolkata', 'West Bengal'),
(20, 'Name-20', '1978-08-15', 1, 'NIL', 'Street-20', 'Kolkata', 'West Bengal'),
(21, 'Name-21', '1975-10-12', 1, 'NIL', 'Street-21', 'Mumbai', 'Maharashtra'),
(22, 'Name-22', '1983-02-19', 1, 'NIL', 'Street-22', 'Ahmedabad', 'Gujarat'),
(23, 'Name-23', '1987-03-30', 1, 'NIL', 'Street-23', 'Mumbai', 'Maharashtra'),
(24, 'Name-24', '1979-10-28', 1, 'NIL', 'Street-24', 'Ahmedabad', 'Gujarat'),
(25, 'Name-25', '1987-07-26', 1, 'NIL', 'Street-25', 'Kolkata', 'West Bengal'),
(26, 'Name-26', '1987-12-23', 0, 'NIL', 'Street-26', 'New Delhi', 'Delhi'),
(27, 'Name-27', '1982-04-29', 1, 'NIL', 'Street-27', 'Kolkata', 'West Bengal'),
(28, 'Name-28', '1984-03-09', 0, 'NIL', 'Street-28', 'Kolkata', 'West Bengal'),
(29, 'Name-29', '1985-01-04', 0, 'NIL', 'Street-29', 'Mumbai', 'Maharashtra'),
(30, 'Name-30', '1981-05-19', 0, 'NIL', 'Street-30', 'Kolkata', 'West Bengal'),
(31, 'Name-31', '1981-11-05', 1, 'NIL', 'Street-31', 'New Delhi', 'Delhi'),
(32, 'Name-32', '1975-07-06', 1, 'NIL', 'Street-32', 'New Delhi', 'Delhi'),
(33, 'Name-33', '1984-09-04', 1, 'NIL', 'Street-33', 'New Delhi', 'Delhi'),
(34, 'Name-34', '1985-06-09', 1, 'NIL', 'Street-34', 'New Delhi', 'Delhi'),
(35, 'Name-35', '1984-11-16', 0, 'NIL', 'Street-35', 'Ahmedabad', 'Gujarat'),
(36, 'Name-36', '1973-04-19', 1, 'NIL', 'Street-36', 'New Delhi', 'Delhi'),
(37, 'Name-37', '1977-05-19', 0, 'NIL', 'Street-37', 'Kolkata', 'West Bengal'),
(38, 'Name-38', '1985-05-10', 0, 'NIL', 'Street-38', 'New Delhi', 'Delhi'),
(39, 'Name-39', '1975-04-02', 0, 'NIL', 'Street-39', 'Kolkata', 'West Bengal'),
(40, 'Name-40', '1978-02-20', 1, 'NIL', 'Street-40', 'Mumbai', 'Maharashtra'),
(41, 'Name-41', '1987-02-19', 0, 'NIL', 'Street-41', 'Mumbai', 'Maharashtra'),
(42, 'Name-42', '1975-11-30', 0, 'NIL', 'Street-42', 'Mumbai', 'Maharashtra'),
(43, 'Name-43', '1986-12-18', 1, 'NIL', 'Street-43', 'Mumbai', 'Maharashtra'),
(44, 'Name-44', '1979-02-21', 1, 'NIL', 'Street-44', 'New Delhi', 'Delhi'),
(45, 'Name-45', '1986-09-02', 0, 'NIL', 'Street-45', 'Ahmedabad', 'Gujarat'),
(46, 'Name-46', '1983-12-13', 0, 'NIL', 'Street-46', 'Mumbai', 'Maharashtra'),
(47, 'Name-47', '1977-09-28', 0, 'NIL', 'Street-47', 'Mumbai', 'Maharashtra'),
(48, 'Name-48', '1979-01-09', 1, 'NIL', 'Street-48', 'Kolkata', 'West Bengal'),
(49, 'Name-49', '1985-03-08', 1, 'NIL', 'Street-49', 'Mumbai', 'Maharashtra'),
(50, 'Name-50', '1974-01-03', 1, 'NIL', 'Street-50', 'Mumbai', 'Maharashtra'),
(51, 'Name-51', '1976-07-05', 1, 'NIL', 'Street-51', 'New Delhi', 'Delhi'),
(52, 'Name-52', '1973-04-16', 0, 'NIL', 'Street-52', 'New Delhi', 'Delhi'),
(53, 'Name-53', '1985-06-29', 0, 'NIL', 'Street-53', 'Ahmedabad', 'Gujarat'),
(54, 'Name-54', '1976-04-02', 0, 'NIL', 'Street-54', 'Ahmedabad', 'Gujarat'),
(55, 'Name-55', '1974-12-23', 0, 'NIL', 'Street-55', 'Ahmedabad', 'Gujarat'),
(56, 'Name-56', '1982-02-08', 0, 'NIL', 'Street-56', 'Kolkata', 'West Bengal'),
(57, 'Name-57', '1976-01-09', 0, 'NIL', 'Street-57', 'Kolkata', 'West Bengal'),
(58, 'Name-58', '1982-02-12', 1, 'NIL', 'Street-58', 'New Delhi', 'Delhi'),
(59, 'Name-59', '1974-03-17', 0, 'NIL', 'Street-59', 'Ahmedabad', 'Gujarat'),
(60, 'Name-60', '1986-03-01', 1, 'NIL', 'Street-60', 'Mumbai', 'Maharashtra'),
(61, 'Name-61', '1984-02-09', 1, 'NIL', 'Street-61', 'Mumbai', 'Maharashtra'),
(62, 'Name-62', '1986-01-24', 1, 'NIL', 'Street-62', 'New Delhi', 'Delhi'),
(63, 'Name-63', '1985-12-27', 0, 'NIL', 'Street-63', 'Kolkata', 'West Bengal'),
(64, 'Name-64', '1973-06-29', 0, 'NIL', 'Street-64', 'Mumbai', 'Maharashtra'),
(65, 'Name-65', '1984-04-06', 1, 'NIL', 'Street-65', 'Kolkata', 'West Bengal'),
(66, 'Name-66', '1982-05-16', 1, 'NIL', 'Street-66', 'Ahmedabad', 'Gujarat'),
(67, 'Name-67', '1979-05-10', 0, 'NIL', 'Street-67', 'Mumbai', 'Maharashtra'),
(68, 'Name-68', '1984-08-07', 1, 'NIL', 'Street-68', 'New Delhi', 'Delhi'),
(69, 'Name-69', '1987-02-24', 0, 'NIL', 'Street-69', 'Ahmedabad', 'Gujarat'),
(70, 'Name-70', '1979-06-21', 0, 'NIL', 'Street-70', 'Mumbai', 'Maharashtra'),
(71, 'Name-71', '1987-10-24', 0, 'NIL', 'Street-71', 'Kolkata', 'West Bengal'),
(72, 'Name-72', '1983-06-07', 1, 'NIL', 'Street-72', 'Ahmedabad', 'Gujarat'),
(73, 'Name-73', '1977-12-15', 0, 'NIL', 'Street-73', 'Mumbai', 'Maharashtra'),
(74, 'Name-74', '1984-07-02', 0, 'NIL', 'Street-74', 'Ahmedabad', 'Gujarat'),
(75, 'Name-75', '1986-03-24', 1, 'NIL', 'Street-75', 'Ahmedabad', 'Gujarat'),
(76, 'Name-76', '1986-02-06', 0, 'NIL', 'Street-76', 'Kolkata', 'West Bengal'),
(77, 'Name-77', '1977-11-06', 1, 'NIL', 'Street-77', 'Ahmedabad', 'Gujarat'),
(78, 'Name-78', '1978-07-20', 0, 'NIL', 'Street-78', 'Ahmedabad', 'Gujarat'),
(79, 'Name-79', '1983-04-29', 1, 'NIL', 'Street-79', 'Kolkata', 'West Bengal'),
(80, 'Name-80', '1980-03-05', 0, 'NIL', 'Street-80', 'Ahmedabad', 'Gujarat'),
(81, 'Name-81', '1986-12-17', 1, 'NIL', 'Street-81', 'New Delhi', 'Delhi'),
(82, 'Name-82', '1983-01-01', 1, 'NIL', 'Street-82', 'Mumbai', 'Maharashtra'),
(83, 'Name-83', '1979-02-03', 1, 'NIL', 'Street-83', 'Mumbai', 'Maharashtra'),
(84, 'Name-84', '1984-04-16', 0, 'NIL', 'Street-84', 'Mumbai', 'Maharashtra'),
(85, 'Name-85', '1985-10-18', 1, 'NIL', 'Street-85', 'Kolkata', 'West Bengal'),
(86, 'Name-86', '1977-07-15', 1, 'NIL', 'Street-86', 'Mumbai', 'Maharashtra'),
(87, 'Name-87', '1981-08-08', 0, 'NIL', 'Street-87', 'New Delhi', 'Delhi'),
(88, 'Name-88', '1982-04-04', 1, 'NIL', 'Street-88', 'Mumbai', 'Maharashtra'),
(89, 'Name-89', '1982-12-20', 1, 'NIL', 'Street-89', 'Ahmedabad', 'Gujarat'),
(90, 'Name-90', '1983-04-08', 1, 'NIL', 'Street-90', 'Kolkata', 'West Bengal'),
(91, 'Name-91', '1981-11-17', 1, 'NIL', 'Street-91', 'Ahmedabad', 'Gujarat'),
(92, 'Name-92', '1986-08-10', 1, 'NIL', 'Street-92', 'Ahmedabad', 'Gujarat'),
(93, 'Name-93', '1985-05-05', 0, 'NIL', 'Street-93', 'Ahmedabad', 'Gujarat'),
(94, 'Name-94', '1977-01-10', 0, 'NIL', 'Street-94', 'Kolkata', 'West Bengal'),
(95, 'Name-95', '1985-01-30', 0, 'NIL', 'Street-95', 'Ahmedabad', 'Gujarat'),
(96, 'Name-96', '1987-02-04', 1, 'NIL', 'Street-96', 'Kolkata', 'West Bengal'),
(97, 'Name-97', '1985-12-22', 1, 'NIL', 'Street-97', 'Kolkata', 'West Bengal'),
(98, 'Name-98', '1981-08-06', 1, 'NIL', 'Street-98', 'Mumbai', 'Maharashtra'),
(99, 'Name-99', '1978-01-15', 1, 'NIL', 'Street-99', 'Kolkata', 'West Bengal');

-- --------------------------------------------------------

--
-- Table structure for table `user_phone_no`
--

CREATE TABLE `user_phone_no` (
  `User_ID` int(11) NOT NULL,
  `phone_no` varchar(15) DEFAULT NULL
) ENGINE=InnoDB DEFAULT CHARSET=utf8mb4;

--
-- Dumping data for table `user_phone_no`
--

INSERT INTO `user_phone_no` (`User_ID`, `phone_no`) VALUES
(1, '619-240-1664'),
(2, '482-628-9169'),
(3, '674-535-7768'),
(4, '993-085-2521'),
(5, '527-841-0708'),
(6, '353-760-0539'),
(7, '843-510-9455'),
(8, '834-036-2321'),
(9, '105-219-1502'),
(10, '171-597-3108'),
(11, '887-432-2358'),
(12, '938-117-2832'),
(13, '366-202-3100'),
(14, '993-491-6783'),
(15, '518-394-4871'),
(16, '169-492-4245'),
(17, '479-556-8864'),
(18, '423-763-9707'),
(19, '513-014-1761'),
(20, '783-219-0090'),
(21, '421-182-2995'),
(22, '582-580-9297'),
(23, '335-527-0358'),
(24, '546-336-2162'),
(25, '351-188-8923'),
(26, '251-153-1394'),
(27, '653-829-2294'),
(28, '660-269-2840'),
(29, '278-477-7481'),
(30, '741-280-5304'),
(31, '779-077-9268'),
(32, '121-413-5272'),
(33, '686-664-0522'),
(34, '680-494-0083'),
(35, '336-115-2722'),
(36, '728-255-5216'),
(37, '838-787-2862'),
(38, '388-128-9174'),
(39, '209-267-2005'),
(40, '119-519-9760'),
(41, '563-867-1498'),
(42, '313-086-7909'),
(43, '620-496-0297'),
(44, '737-386-1693'),
(45, '523-127-7147'),
(46, '643-469-8493'),
(47, '302-232-6165'),
(48, '754-831-7113'),
(49, '953-002-4188'),
(50, '906-714-3034'),
(51, '348-483-3986'),
(52, '104-449-0380'),
(53, '329-278-2757'),
(54, '818-200-6211'),
(55, '743-457-2987'),
(56, '171-602-7234'),
(57, '791-143-3157'),
(58, '338-809-5945'),
(59, '702-629-1737'),
(60, '222-104-4049'),
(61, '835-536-6619'),
(62, '940-699-2370'),
(63, '128-829-2946'),
(64, '958-601-1472'),
(65, '238-577-1055'),
(66, '728-666-7782'),
(67, '150-284-4028'),
(68, '406-408-6062'),
(69, '738-576-3569'),
(70, '361-543-2169'),
(71, '470-465-4310'),
(72, '550-313-3401'),
(73, '174-699-7943'),
(74, '257-883-4785'),
(75, '792-769-5449'),
(76, '304-490-8432'),
(77, '143-293-8460'),
(78, '501-887-8852'),
(79, '347-443-3535'),
(80, '666-234-4346'),
(81, '601-375-7219'),
(82, '315-787-9549'),
(83, '463-202-2450'),
(84, '774-039-0491'),
(85, '619-536-2068'),
(86, '819-144-7537'),
(87, '616-541-1374'),
(88, '472-432-1312'),
(89, '995-633-3441'),
(90, '676-087-7241'),
(91, '537-700-8907'),
(92, '717-674-4035'),
(93, '513-454-7831'),
(94, '862-832-9141'),
(95, '732-557-9374'),
(96, '233-029-8944'),
(97, '358-855-9326'),
(98, '349-297-3342'),
(99, '461-477-7987'),
(1, '619-240-1664'),
(2, '482-628-9169'),
(3, '674-535-7768'),
(4, '993-085-2521'),
(5, '527-841-0708'),
(6, '353-760-0539'),
(7, '843-510-9455'),
(8, '834-036-2321'),
(9, '105-219-1502'),
(10, '171-597-3108'),
(11, '887-432-2358'),
(12, '938-117-2832'),
(13, '366-202-3100'),
(14, '993-491-6783'),
(15, '518-394-4871'),
(16, '169-492-4245'),
(17, '479-556-8864'),
(18, '423-763-9707'),
(19, '513-014-1761'),
(20, '783-219-0090'),
(21, '421-182-2995'),
(22, '582-580-9297'),
(23, '335-527-0358'),
(24, '546-336-2162'),
(25, '351-188-8923'),
(26, '251-153-1394'),
(27, '653-829-2294'),
(28, '660-269-2840'),
(29, '278-477-7481'),
(30, '741-280-5304'),
(31, '779-077-9268'),
(32, '121-413-5272'),
(33, '686-664-0522'),
(34, '680-494-0083'),
(35, '336-115-2722'),
(36, '728-255-5216'),
(37, '838-787-2862'),
(38, '388-128-9174'),
(39, '209-267-2005'),
(40, '119-519-9760'),
(41, '563-867-1498'),
(42, '313-086-7909'),
(43, '620-496-0297'),
(44, '737-386-1693'),
(45, '523-127-7147'),
(46, '643-469-8493'),
(47, '302-232-6165'),
(48, '754-831-7113'),
(49, '953-002-4188'),
(50, '906-714-3034'),
(51, '348-483-3986'),
(52, '104-449-0380'),
(53, '329-278-2757'),
(54, '818-200-6211'),
(55, '743-457-2987'),
(56, '171-602-7234'),
(57, '791-143-3157'),
(58, '338-809-5945'),
(59, '702-629-1737'),
(60, '222-104-4049'),
(61, '835-536-6619'),
(62, '940-699-2370'),
(63, '128-829-2946'),
(64, '958-601-1472'),
(65, '238-577-1055'),
(66, '728-666-7782'),
(67, '150-284-4028'),
(68, '406-408-6062'),
(69, '738-576-3569'),
(70, '361-543-2169'),
(71, '470-465-4310'),
(72, '550-313-3401'),
(73, '174-699-7943'),
(74, '257-883-4785'),
(75, '792-769-5449'),
(76, '304-490-8432'),
(77, '143-293-8460'),
(78, '501-887-8852'),
(79, '347-443-3535'),
(80, '666-234-4346'),
(81, '601-375-7219'),
(82, '315-787-9549'),
(83, '463-202-2450'),
(84, '774-039-0491'),
(85, '619-536-2068'),
(86, '819-144-7537'),
(87, '616-541-1374'),
(88, '472-432-1312'),
(89, '995-633-3441'),
(90, '676-087-7241'),
(91, '537-700-8907'),
(92, '717-674-4035'),
(93, '513-454-7831'),
(94, '862-832-9141'),
(95, '732-557-9374'),
(96, '233-029-8944'),
(97, '358-855-9326'),
(98, '349-297-3342'),
(99, '461-477-7987');

--
-- Indexes for dumped tables
--

--
-- Indexes for table `doctor`
--
ALTER TABLE `doctor`
  ADD PRIMARY KEY (`Doctor_ID`),
  ADD KEY `organization_ID` (`organization_ID`);

--
-- Indexes for table `donor`
--
ALTER TABLE `donor`
  ADD PRIMARY KEY (`Donor_ID`,`organ_donated`),
  ADD KEY `User_ID` (`User_ID`),
  ADD KEY `Organization_ID` (`Organization_ID`);

--
-- Indexes for table `organization`
--
ALTER TABLE `organization`
  ADD PRIMARY KEY (`Organization_ID`);

--
-- Indexes for table `organ_available`
--
ALTER TABLE `organ_available`
  ADD PRIMARY KEY (`Organ_ID`),
  ADD KEY `Donor_ID` (`Donor_ID`);

--
-- Indexes for table `patient`
--
ALTER TABLE `patient`
  ADD PRIMARY KEY (`Patient_ID`,`organ_req`),
  ADD KEY `User_ID` (`User_ID`),
  ADD KEY `Doctor_ID` (`Doctor_ID`);

--
-- Indexes for table `transaction`
--
ALTER TABLE `transaction`
  ADD PRIMARY KEY (`Patient_ID`,`Organ_ID`),
  ADD KEY `Donor_ID` (`Donor_ID`);

--
-- Indexes for table `user`
--
ALTER TABLE `user`
  ADD PRIMARY KEY (`User_ID`);

--
-- Indexes for table `user_phone_no`
--
ALTER TABLE `user_phone_no`
  ADD KEY `User_ID` (`User_ID`);

--
-- AUTO_INCREMENT for dumped tables
--

--
-- AUTO_INCREMENT for table `organ_available`
--
ALTER TABLE `organ_available`
  MODIFY `Organ_ID` int(11) NOT NULL AUTO_INCREMENT;

--
-- Constraints for dumped tables
--

--
-- Constraints for table `doctor`
--
ALTER TABLE `doctor`
  ADD CONSTRAINT `doctor_ibfk_1` FOREIGN KEY (`organization_ID`) REFERENCES `organization` (`Organization_ID`) ON DELETE CASCADE;

--
-- Constraints for table `donor`
--
ALTER TABLE `donor`
  ADD CONSTRAINT `donor_ibfk_1` FOREIGN KEY (`User_ID`) REFERENCES `user` (`User_ID`) ON DELETE CASCADE,
  ADD CONSTRAINT `donor_ibfk_2` FOREIGN KEY (`Organization_ID`) REFERENCES `organization` (`Organization_ID`) ON DELETE CASCADE;

--
-- Constraints for table `organ_available`
--
ALTER TABLE `organ_available`
  ADD CONSTRAINT `organ_available_ibfk_1` FOREIGN KEY (`Donor_ID`) REFERENCES `donor` (`Donor_ID`) ON DELETE CASCADE;

--
-- Constraints for table `patient`
--
ALTER TABLE `patient`
  ADD CONSTRAINT `patient_ibfk_1` FOREIGN KEY (`User_ID`) REFERENCES `user` (`User_ID`) ON DELETE CASCADE,
  ADD CONSTRAINT `patient_ibfk_2` FOREIGN KEY (`Doctor_ID`) REFERENCES `doctor` (`Doctor_ID`) ON DELETE CASCADE;

--
-- Constraints for table `transaction`
--
ALTER TABLE `transaction`
  ADD CONSTRAINT `transaction_ibfk_1` FOREIGN KEY (`Patient_ID`) REFERENCES `patient` (`Patient_ID`) ON DELETE CASCADE,
  ADD CONSTRAINT `transaction_ibfk_2` FOREIGN KEY (`Donor_ID`) REFERENCES `donor` (`Donor_ID`) ON DELETE CASCADE;

--
-- Constraints for table `user_phone_no`
--
ALTER TABLE `user_phone_no`
  ADD CONSTRAINT `user_phone_no_ibfk_1` FOREIGN KEY (`User_ID`) REFERENCES `user` (`User_ID`) ON DELETE CASCADE;
COMMIT;

/*!40101 SET CHARACTER_SET_CLIENT=@OLD_CHARACTER_SET_CLIENT */;
/*!40101 SET CHARACTER_SET_RESULTS=@OLD_CHARACTER_SET_RESULTS */;
/*!40101 SET COLLATION_CONNECTION=@OLD_COLLATION_CONNECTION */;
